Case_no,checking_status,credit_history,purpose,credit_amount,saving_status,employment,personal_status,age,job,class
1,0,0,0,1169,0,0,0,67.0,0,0
2,1,1,0,5951,1,1,1,22.0,0,1
3,2,0,1,2096,1,2,0,49.0,1,0
4,0,1,2,7882,1,2,0,45.0,0,0
5,0,2,3,4870,1,1,0,53.0,0,1
6,2,1,1,9055,0,1,0,35.0,1,0
7,2,1,2,2835,2,0,0,53.0,0,0
8,1,1,4,6948,1,1,0,35.0,2,0
9,2,1,0,3059,3,2,2,61.0,1,0
10,1,0,3,5234,1,3,3,28.0,2,1
11,1,1,3,1295,1,4,1,25.0,0,1
12,0,1,5,4308,1,4,1,24.0,0,1
13,1,1,0,1567,1,1,1,22.0,0,0
14,0,0,3,1199,1,0,0,60.0,1,1
15,0,1,3,1403,1,1,1,28.0,0,0
16,0,1,0,1282,4,1,1,32.0,1,1
17,2,0,0,2424,0,0,0,53.0,0,0
18,0,3,5,8072,0,4,0,25.0,0,0
19,1,1,4,12579,1,0,1,44.0,2,1
20,2,1,0,3430,2,0,0,31.0,0,0
21,2,0,3,2134,1,1,0,48.0,0,0
22,0,1,0,2647,2,1,0,44.0,0,0
23,0,0,3,2241,1,4,0,48.0,1,0
24,1,0,4,1804,4,4,0,44.0,0,0
25,2,0,2,2069,0,1,3,26.0,0,0
26,0,1,2,1374,1,1,0,6.0,1,0
27,2,3,0,426,1,0,3,39.0,1,0
28,3,4,0,409,3,1,1,42.0,0,0
29,1,1,0,2415,1,1,0,34.0,0,0
30,0,2,5,6836,1,0,0,63.0,0,1
31,1,1,5,1913,3,4,3,36.0,0,0
32,0,1,2,4020,1,1,0,27.0,0,0
33,1,1,3,5866,4,1,0,30.0,0,0
34,2,0,5,1264,0,0,0,57.0,1,0
35,3,1,2,1474,1,4,1,33.0,2,0
36,1,0,0,4746,1,4,0,25.0,1,1
37,2,0,1,6110,1,1,0,31.0,0,0
38,3,1,0,2100,1,1,0,37.0,0,1
39,3,1,6,1225,1,1,0,37.0,0,0
40,1,1,0,458,1,1,0,24.0,0,0
41,2,1,0,2333,2,0,0,30.0,2,0
42,1,1,0,1158,2,1,2,26.0,0,0
43,1,2,7,6204,1,1,0,44.0,1,0
44,0,0,4,6187,4,2,3,24.0,0,0
45,0,0,4,6143,1,0,1,58.0,1,1
46,2,0,3,1393,1,4,1,35.0,2,0
47,2,1,0,2299,2,0,0,39.0,0,0
48,0,1,4,1352,2,3,1,23.0,3,0
49,2,0,3,7228,1,1,0,39.0,1,0
50,2,1,0,2073,4,1,1,28.0,0,0
51,1,2,2,2333,0,4,0,29.0,1,0
52,1,2,4,5965,1,0,0,30.0,2,0
53,2,1,0,1262,1,1,0,25.0,0,0
54,2,1,4,3378,0,1,0,35.59251769464105,0,0
55,1,2,3,2225,1,0,0,57.0,0,1
56,2,4,3,783,0,1,0,26.0,1,0
57,1,1,0,6468,0,3,0,52.0,2,1
58,2,0,0,9566,1,1,1,31.0,0,0
59,3,1,3,1961,1,0,1,23.0,2,0
60,0,0,2,6229,1,4,1,23.0,1,1
61,1,1,5,1391,1,1,3,27.0,0,0
62,1,0,0,1537,0,0,0,50.0,0,0
63,1,3,5,1953,1,0,0,61.0,2,1
64,1,3,5,14421,1,1,0,25.0,0,1
65,2,1,0,3181,1,4,1,26.0,0,0
66,2,1,7,5190,0,0,0,48.0,0,0
67,2,1,0,2171,1,4,1,29.0,0,0
68,1,1,3,1007,3,1,3,35.59251769464105,0,0
69,2,1,1,1819,1,1,0,37.0,0,1
70,2,1,0,2394,0,1,1,25.0,0,0
71,2,1,4,8133,1,1,1,30.0,0,0
72,2,0,0,730,0,0,0,46.0,1,0
73,0,0,8,1164,1,0,0,51.0,2,0
74,1,0,5,5954,1,2,1,41.0,1,0
75,0,1,1,1977,0,0,0,40.0,2,1
76,0,0,4,1526,1,0,0,66.0,2,0
77,0,1,0,3965,1,4,0,34.0,0,1
78,1,2,0,4771,1,2,0,51.0,0,0
79,2,3,4,9436,0,1,0,39.0,1,0
80,1,1,2,3832,1,4,3,35.59251769464105,0,0
81,2,1,0,5943,0,4,1,44.0,0,1
82,2,1,0,1213,2,0,0,47.0,0,0
83,2,1,5,1568,4,1,1,24.0,1,0
84,0,1,8,1755,1,0,1,58.0,1,0
85,0,1,0,2315,1,0,0,52.0,1,0
86,2,0,5,1412,1,1,1,29.0,2,0
87,1,0,2,1295,1,4,1,27.0,0,0
88,1,1,1,12612,4,1,0,47.0,0,1
89,0,1,3,2249,4,2,0,30.0,2,0
90,0,3,7,1108,1,2,0,28.0,0,1
91,2,0,0,618,1,0,0,56.0,0,0
92,0,0,4,1409,1,0,0,54.0,0,0
93,2,0,0,797,0,0,1,33.0,1,1
94,3,0,2,3617,0,0,0,20.0,0,0
95,1,1,3,1318,3,0,0,54.0,0,0
96,1,3,5,15945,1,4,0,58.0,0,1
97,2,0,1,2012,0,2,1,61.0,0,0
98,1,1,5,2622,4,1,0,34.0,0,0
99,1,0,0,2337,1,0,0,36.0,0,0
100,1,2,4,7057,0,2,0,36.0,2,0
101,2,1,3,1469,4,0,3,41.0,1,0
102,1,1,0,2323,1,2,0,24.0,0,0
103,2,2,0,932,1,1,1,24.0,0,0
104,1,0,2,1919,1,2,0,35.0,0,0
105,2,1,4,2445,0,4,3,26.0,0,0
106,1,0,8,11938,1,1,0,39.0,2,1
107,2,4,3,6458,1,0,0,39.0,2,1
108,1,1,3,6078,1,2,0,32.0,0,0
109,0,1,2,7721,0,4,1,30.0,0,0
110,1,1,5,1410,2,0,3,35.0,0,0
111,1,2,5,1449,4,0,2,31.0,0,0
112,3,1,1,392,1,4,1,23.0,0,0
113,1,1,3,6260,1,2,0,28.0,1,0
114,2,0,3,7855,1,1,1,25.0,0,1
115,0,1,0,1680,2,0,3,35.0,0,0
116,2,0,0,3578,0,0,0,47.0,0,0
117,0,1,0,7174,0,2,1,30.0,2,1
118,0,0,2,2132,0,4,1,27.0,0,0
119,0,0,2,4281,2,1,1,23.0,0,1
120,1,0,3,2366,2,2,2,36.0,2,0
121,0,1,0,1835,1,1,1,25.0,0,1
122,2,0,4,3868,1,0,1,41.0,2,0
123,2,1,2,1768,1,1,0,24.0,1,0
124,3,0,3,781,1,0,0,63.0,0,0
125,1,1,2,1924,0,4,1,27.0,0,1
126,0,0,3,2121,1,1,0,30.0,0,0
127,0,1,0,701,1,1,3,40.0,1,0
128,1,1,7,639,1,1,0,30.0,0,1
129,1,0,4,1860,1,3,0,34.0,2,0
130,0,0,3,3499,1,1,1,29.0,0,1
131,1,1,3,8487,0,2,1,24.0,0,0
132,0,2,1,6887,1,1,0,29.0,0,1
133,2,1,2,2708,1,4,0,27.0,1,0
134,2,1,2,1984,1,1,0,47.0,0,0
135,2,1,0,10144,4,2,1,21.0,0,0
136,2,0,0,1240,0,0,1,38.0,0,0
137,2,2,4,8613,3,1,0,27.0,0,0
138,1,1,0,766,2,1,0,66.0,1,1
139,1,0,0,2728,0,2,0,35.0,0,0
140,3,1,0,1881,1,1,1,44.0,1,0
141,3,1,3,709,3,4,3,27.0,3,0
142,1,1,0,4795,1,4,1,30.0,2,0
143,0,1,0,3416,1,1,0,27.0,2,0
144,0,1,2,2462,1,1,0,22.0,0,1
145,2,0,2,2288,1,4,1,23.0,0,0
146,1,4,5,3566,4,2,0,30.0,0,0
147,0,0,3,860,1,0,1,39.0,0,0
148,2,0,3,682,4,2,1,51.0,0,0
149,0,0,2,5371,1,1,0,28.0,0,0
150,2,0,0,1582,3,0,0,46.0,0,0
151,2,1,0,1346,4,0,0,42.0,0,0
152,2,1,0,1924,1,1,0,38.0,0,0
153,3,1,0,5848,1,1,0,24.0,0,0
154,1,0,4,7758,3,0,1,29.0,0,0
155,1,2,5,6967,4,2,0,36.0,2,0
156,0,1,2,1282,1,1,1,20.0,0,1
157,0,0,7,1288,4,0,0,48.0,0,0
158,0,4,9,339,1,0,3,45.0,1,0
159,1,1,3,3512,4,2,0,38.0,0,0
160,2,0,0,1898,0,1,0,34.0,1,0
161,2,0,0,2872,4,0,0,36.0,0,0
162,2,0,3,1055,1,4,1,30.0,0,0
163,2,1,6,1262,2,2,0,36.0,0,0
164,1,1,3,7308,1,3,0,70.0,2,0
165,2,1,3,909,2,0,0,36.0,0,0
166,2,1,2,2978,2,1,0,32.0,0,0
167,0,1,2,1131,1,3,1,33.0,0,1
168,1,1,2,1577,3,4,1,20.0,0,0
169,2,1,2,3972,1,2,1,25.0,0,0
170,1,0,5,1935,1,0,2,31.0,0,1
171,0,3,3,950,1,0,0,33.0,0,1
172,2,1,2,763,1,1,1,26.0,0,0
173,1,2,2,2064,1,3,1,34.0,2,1
174,1,1,0,1414,1,1,0,35.59251769464105,0,0
175,0,2,1,3414,1,4,0,26.0,0,1
176,2,4,4,7485,0,3,1,53.0,2,1
177,0,1,2,2577,1,1,2,42.0,0,0
178,0,0,0,338,2,0,0,52.0,0,0
179,2,1,0,1963,1,2,0,31.0,2,0
180,0,0,3,571,1,0,0,65.0,0,0
181,2,2,5,9572,1,4,2,28.0,0,1
182,1,2,5,4455,1,1,2,30.0,2,1
183,0,4,3,1647,0,1,0,40.0,1,1
184,2,0,2,3777,3,1,0,50.0,0,0
185,1,0,3,884,1,0,0,36.0,0,1
186,2,0,0,1360,1,1,0,31.0,0,0
187,1,4,4,5129,1,0,1,74.0,2,1
188,1,0,3,1175,1,3,0,68.0,3,0
189,0,1,0,674,4,2,3,20.0,0,1
190,1,3,2,3244,1,1,1,33.0,0,0
191,2,1,5,4591,3,1,0,54.0,2,1
192,1,3,5,3844,4,2,0,35.59251769464105,1,1
193,1,1,5,3915,1,1,0,36.0,0,1
194,2,1,0,2108,1,2,3,29.0,0,0
195,1,1,0,3031,4,1,0,21.0,0,1
196,1,0,1,1501,1,0,1,34.0,2,1
197,2,0,0,1382,1,1,1,28.0,0,0
198,1,1,2,951,4,4,1,27.0,0,1
199,1,1,4,2760,0,0,0,36.0,0,0
200,1,2,2,4297,1,0,2,40.0,2,1
201,2,0,1,936,2,0,0,52.0,0,0
202,0,1,3,1168,1,1,3,27.0,1,0
203,2,2,5,5117,1,2,0,26.0,0,0
204,0,1,9,902,1,2,3,21.0,0,1
205,2,0,3,1495,1,0,0,38.0,1,0
206,0,0,4,10623,1,0,0,38.0,2,0
207,2,0,2,1935,1,0,0,43.0,0,0
208,1,0,6,1424,1,2,0,26.0,0,0
209,0,1,5,6568,1,1,3,21.0,1,0
210,2,1,4,1413,3,2,0,55.0,0,0
211,2,0,0,3074,0,1,0,33.0,0,0
212,2,1,0,3835,0,0,1,45.0,1,0
213,0,3,5,5293,1,3,0,50.0,0,1
214,3,2,5,1908,1,0,0,66.0,2,1
215,2,0,0,3342,0,0,0,51.0,0,0
216,1,0,9,932,0,2,1,39.0,1,0
217,0,3,5,3104,1,2,0,31.0,0,0
218,3,1,0,3913,1,1,0,23.0,0,0
219,0,1,2,3021,1,1,2,24.0,1,0
220,2,1,3,1364,1,1,1,64.0,0,0
221,1,1,0,625,1,4,3,26.0,1,0
222,0,1,1,1200,0,1,1,23.0,0,0
223,2,1,0,707,1,1,0,30.0,0,0
224,2,2,5,2978,0,1,0,32.0,0,0
225,2,1,4,4657,1,1,0,30.0,0,0
226,2,3,7,2613,1,1,0,27.0,0,0
227,1,1,0,10961,3,2,0,27.0,0,1
228,0,1,2,7865,1,0,0,53.0,2,1
229,2,1,0,1478,1,2,0,22.0,0,1
230,0,1,2,3149,1,4,0,22.0,0,0
231,3,1,0,4210,1,1,0,26.0,0,1
232,2,1,3,2507,2,0,0,51.0,1,0
233,2,1,0,2141,4,2,0,35.59251769464105,0,0
234,1,1,0,866,1,1,3,25.0,1,0
235,2,0,0,1544,1,2,0,42.0,1,0
236,0,1,0,1823,1,3,0,30.0,2,1
237,1,1,3,14555,0,3,0,23.0,3,1
238,1,1,5,2767,4,0,2,61.0,1,1
239,2,0,0,1291,1,1,1,35.0,0,0
240,0,1,0,2522,1,0,0,39.0,0,0
241,0,1,3,915,0,0,1,29.0,0,1
242,2,1,0,1595,1,2,0,51.0,0,0
243,0,3,4,4605,1,0,0,24.0,0,1
244,2,0,5,1185,1,1,1,27.0,0,0
245,2,4,9,3447,2,1,1,35.0,1,0
246,2,1,5,1258,1,2,0,25.0,0,0
247,2,0,0,717,1,0,0,52.0,0,0
248,2,3,3,1204,4,1,0,35.0,0,0
249,3,1,2,1925,1,1,0,26.0,0,0
250,2,1,0,433,1,3,1,22.0,0,1
251,0,0,3,666,3,2,1,39.0,1,0
252,3,1,2,2251,1,1,1,46.0,1,0
253,1,1,3,2150,1,1,1,24.0,0,1
254,2,2,2,4151,4,1,0,35.0,0,0
255,1,1,2,2030,0,2,0,24.0,0,0
256,1,2,0,7418,0,1,0,27.0,1,0
257,2,0,0,2684,1,1,0,35.0,1,0
258,0,4,0,2149,1,1,2,29.0,0,1
259,2,1,4,3812,4,4,1,23.0,0,0
260,2,0,0,1154,4,3,1,57.0,1,0
261,0,1,2,1657,1,1,0,27.0,0,0
262,0,1,0,1603,1,0,1,55.0,0,0
263,0,0,3,5302,1,0,0,36.0,2,0
264,2,0,1,2748,1,0,1,57.0,1,0
265,2,0,3,1231,1,0,0,32.0,1,0
266,1,1,0,802,1,0,0,37.0,0,1
267,2,0,5,6304,0,0,0,36.0,0,0
268,2,1,0,1533,1,4,1,38.0,0,0
269,0,1,3,8978,1,0,2,45.0,2,1
270,2,1,0,999,0,0,0,25.0,0,0
271,2,1,3,2662,0,2,0,32.0,0,0
272,2,0,2,1402,2,2,1,37.0,0,0
273,1,4,3,12169,0,3,0,36.0,2,0
274,1,1,0,3060,1,2,0,28.0,0,1
275,0,1,7,11998,1,4,2,34.0,1,1
276,2,1,0,2697,1,1,0,32.0,0,0
277,2,0,0,2404,1,1,1,26.0,0,0
278,0,1,2,1262,0,0,2,49.0,1,0
279,2,1,2,4611,1,4,1,32.0,0,1
280,2,1,0,1901,4,1,0,35.59251769464105,2,0
281,2,0,4,3368,3,0,0,23.0,0,0
282,2,1,2,1574,1,1,0,50.0,0,0
283,3,4,0,1445,0,2,0,49.0,1,0
284,2,0,2,1520,0,0,0,63.0,0,0
285,1,0,3,3878,4,4,2,37.0,0,0
286,0,1,3,10722,1,4,1,35.0,1,0
287,0,1,4,4788,1,2,0,26.0,0,0
288,1,2,8,7582,4,3,0,31.0,2,0
289,1,1,0,1092,1,1,1,49.0,0,0
290,0,2,0,1024,1,4,3,48.0,0,1
291,2,1,5,1076,1,1,3,26.0,0,0
292,1,1,4,9398,1,4,3,28.0,2,1
293,0,0,4,6419,1,0,1,44.0,2,0
294,3,0,4,4796,1,0,0,56.0,0,0
295,2,0,5,7629,0,0,2,46.0,2,0
296,1,1,2,9960,1,4,1,26.0,0,1
297,2,1,4,4675,0,4,1,20.0,0,0
298,2,1,3,1287,0,0,0,45.0,1,0
299,2,1,2,2515,1,1,0,43.0,0,0
300,1,0,2,2745,3,2,0,32.0,0,0
301,2,1,3,672,1,3,1,54.0,3,0
302,1,3,0,3804,1,1,1,42.0,0,1
303,3,0,3,1344,0,2,0,37.0,1,1
304,0,0,3,1038,1,2,0,49.0,0,0
305,2,0,3,10127,2,1,0,35.59251769464105,0,1
306,2,1,2,1543,3,1,2,33.0,0,0
307,2,1,4,4811,0,2,1,24.0,1,0
308,0,1,0,727,4,4,3,33.0,1,1
309,1,1,2,1237,1,1,1,24.0,0,1
310,1,1,3,276,1,1,3,22.0,1,0
311,1,1,8,5381,0,3,0,40.0,3,0
312,2,1,2,5511,4,1,0,25.0,0,0
313,3,1,2,3749,1,4,1,26.0,0,0
314,1,1,3,685,1,2,3,25.0,1,1
315,3,1,3,1494,0,4,0,29.0,1,0
316,0,4,2,2746,1,0,0,31.0,0,1
317,0,1,2,708,1,1,0,38.0,1,0
318,1,1,2,4351,0,1,1,48.0,1,0
319,2,0,1,701,1,1,0,32.0,0,0
320,0,2,2,3643,1,0,1,27.0,1,0
321,1,0,3,4249,1,3,3,28.0,2,1
322,0,1,0,1938,1,4,2,32.0,0,1
323,0,1,4,2910,1,2,0,34.0,2,0
324,0,1,2,2659,3,1,0,28.0,0,0
325,2,0,3,1028,1,1,1,36.0,0,0
326,0,0,3,3398,1,2,0,39.0,1,0
327,2,0,2,5801,0,0,0,49.0,0,0
328,2,1,3,1525,3,2,1,34.0,0,0
329,3,1,0,4473,1,0,0,31.0,0,0
330,1,1,0,1068,1,0,0,28.0,0,0
331,0,0,4,6615,1,3,0,75.0,2,0
332,2,0,1,1864,4,1,1,30.0,0,1
333,1,1,3,7408,4,4,1,35.59251769464105,2,1
334,2,0,4,11590,4,1,1,24.0,1,1
335,0,3,2,4110,1,0,0,23.0,0,1
336,0,0,2,3384,1,1,2,44.0,2,1
337,1,1,0,2101,1,4,1,23.0,1,0
338,0,1,6,1275,0,1,1,24.0,0,1
339,0,1,2,4169,1,1,0,28.0,0,0
340,1,1,2,1521,1,1,2,31.0,1,0
341,1,0,1,5743,1,4,1,24.0,0,0
342,0,1,2,3599,1,2,1,26.0,1,0
343,1,1,0,3213,2,4,3,25.0,0,0
344,1,1,5,4439,1,0,0,33.0,2,0
345,3,1,3,3949,1,4,0,37.0,1,0
346,2,0,0,1459,1,1,1,43.0,1,0
347,1,0,0,882,1,4,0,23.0,0,0
348,1,1,0,3758,2,3,1,23.0,3,0
349,2,2,5,1743,4,1,0,34.0,1,0
350,1,0,1,1136,3,0,0,32.0,0,1
351,2,1,6,1236,1,4,1,23.0,0,0
352,1,1,2,959,1,1,1,29.0,0,1
353,2,0,4,3229,0,3,0,38.0,2,0
354,0,3,0,6199,1,1,0,28.0,0,1
355,2,1,1,727,2,0,0,46.0,0,0
356,1,1,3,1246,1,4,0,23.0,1,1
357,2,0,0,2331,0,0,0,49.0,0,0
358,2,2,0,4463,1,1,0,26.0,2,1
359,2,1,0,776,1,1,3,28.0,0,0
360,0,1,2,2406,1,2,1,23.0,0,1
361,1,1,1,1239,0,1,0,61.0,0,0
362,3,1,0,3399,0,0,0,37.0,2,0
363,3,2,3,2247,1,1,1,36.0,0,0
364,2,1,2,1766,1,1,3,21.0,0,0
365,0,1,2,2473,1,3,0,25.0,3,1
366,2,1,5,1542,1,2,0,36.0,0,0
367,2,0,4,3850,1,2,0,27.0,0,0
368,0,1,2,3650,1,4,1,22.0,0,0
369,0,1,2,3446,1,0,0,42.0,0,1
370,1,1,2,3001,1,2,1,40.0,0,0
371,2,1,3,3079,0,1,0,36.0,0,0
372,2,0,0,6070,1,0,0,33.0,0,0
373,2,0,2,2146,1,4,1,23.0,0,0
374,2,0,3,13756,0,0,0,63.0,2,0
375,1,4,8,14782,4,0,1,60.0,2,1
376,0,4,5,7685,1,2,1,37.0,0,1
377,2,2,0,2320,1,3,3,34.0,0,0
378,2,2,0,846,0,0,0,36.0,0,0
379,1,1,3,14318,1,0,0,57.0,2,1
380,2,0,3,362,4,1,1,52.0,1,0
381,0,1,2,2212,0,2,0,39.0,0,0
382,1,1,4,12976,1,3,1,38.0,2,1
383,2,1,3,1283,0,2,1,25.0,0,0
384,3,1,3,1330,1,4,0,26.0,0,0
385,2,2,5,4272,4,1,0,26.0,1,0
386,2,0,0,2238,1,1,1,25.0,0,0
387,2,1,0,1126,0,4,1,21.0,0,0
388,1,0,2,7374,1,3,0,40.0,2,0
389,1,0,5,2326,2,1,0,27.0,0,0
390,2,1,5,1449,1,2,1,27.0,0,0
391,2,1,3,1820,1,1,3,30.0,2,0
392,1,1,2,983,3,4,1,19.0,1,0
393,0,1,3,3249,1,2,0,39.0,2,0
394,0,0,0,1957,1,2,1,31.0,0,0
395,2,0,2,2406,1,3,0,31.0,2,0
396,1,2,1,11760,4,2,0,32.0,0,0
397,0,1,2,2578,1,3,1,55.0,2,0
398,0,0,2,2348,1,1,3,46.0,0,0
399,1,1,3,1223,1,0,2,46.0,0,1
400,2,0,0,1516,3,1,1,43.0,1,0
401,2,1,0,1473,1,4,3,39.0,0,0
402,1,0,5,1887,0,1,3,28.0,0,0
403,2,2,5,8648,1,4,0,27.0,0,1
404,2,2,3,802,1,1,0,27.0,1,0
405,1,2,3,2899,0,0,0,43.0,0,0
406,1,1,0,2039,1,4,3,22.0,0,1
407,2,0,4,2197,0,2,0,43.0,0,0
408,0,1,0,1053,1,4,3,27.0,0,0
409,2,1,0,3235,2,0,2,26.0,2,0
410,3,0,3,939,2,2,3,28.0,0,1
411,1,1,0,1967,1,0,1,20.0,0,0
412,2,0,4,7253,1,2,0,35.0,2,0
413,2,0,5,2292,1,3,0,42.0,2,1
414,2,1,3,1597,2,1,0,40.0,1,0
415,0,1,3,1381,0,1,1,35.0,0,1
416,2,0,4,5842,1,0,0,35.0,0,0
417,0,1,3,2579,1,4,0,33.0,1,1
418,0,2,1,8471,0,1,1,23.0,0,0
419,2,1,3,2782,2,2,1,31.0,2,0
420,1,1,3,1042,0,1,1,33.0,0,1
421,2,1,3,3186,3,2,1,20.0,0,0
422,1,1,4,2028,0,1,0,30.0,0,0
423,1,0,3,958,1,2,0,47.0,1,0
424,2,2,2,1591,4,2,0,34.0,2,0
425,1,1,2,2762,0,0,1,25.0,0,1
426,1,1,4,2779,1,1,3,21.0,0,0
427,2,0,0,2743,1,0,0,29.0,0,0
428,2,0,0,1149,3,1,0,46.0,0,0
429,2,1,2,1313,1,0,0,20.0,0,0
430,0,0,7,1190,1,3,1,55.0,3,1
431,2,1,5,3448,1,2,0,74.0,1,0
432,1,1,8,111328000,1,1,0,29.0,2,1
433,0,0,2,1872,1,3,0,36.0,2,0
434,2,0,7,2058,1,1,2,33.0,0,0
435,0,1,2,2136,1,1,0,25.0,0,0
436,1,1,0,1484,0,1,3,25.0,0,1
437,2,1,7,660,2,2,3,23.0,1,0
438,2,0,3,1287,3,0,1,37.0,0,0
439,0,0,7,3394,1,3,0,65.0,3,0
440,3,4,5,609,1,4,1,26.0,3,1
441,2,1,3,1884,1,0,0,39.0,2,0
442,0,1,2,1620,1,1,1,30.0,0,0
443,1,2,8,2629,1,1,0,29.0,0,0
444,2,1,1,7190000,1,0,0,41.0,1,1
445,1,0,2,5096,1,1,1,30.0,2,1
446,2,0,1,1244,0,0,1,41.0,1,0
447,0,1,3,1842,1,4,1,34.0,0,1
448,1,1,0,2576,1,1,0,35.59251769464105,0,0
449,3,1,2,1424,0,0,1,55.0,2,0
450,1,2,7,1512,3,1,3,61.0,0,1
451,2,0,4,11054,0,1,0,30.0,2,0
452,2,1,0,5180000,1,1,1,29.0,0,0
453,2,3,2,2759,1,0,0,34.0,0,0
454,2,1,4,2670,1,0,0,35.0,2,0
455,0,1,3,4817,1,2,0,31.0,0,1
456,2,1,4,2679,1,4,1,29.0,2,0
457,0,0,3,3905,1,1,0,36.0,0,0
458,0,1,4,3386,1,0,0,35.0,0,1
459,0,1,6,343,1,4,1,27.0,0,0
460,2,1,0,4594,1,4,0,32.0,0,0
461,0,1,2,3620,1,1,0,37.0,0,0
462,0,1,3,1721,1,4,0,36.0,0,0
463,1,1,2,3017,1,4,1,34.0,2,0
464,1,1,9,754,0,0,0,38.0,0,0
465,2,1,5,1950,1,2,0,34.0,0,0
466,0,1,4,2924,1,1,0,63.0,0,0
467,0,2,0,1659,1,4,1,29.0,1,1
468,2,2,0,7238,0,0,0,32.0,0,0
469,2,2,5,2764,1,1,1,26.0,0,0
470,2,2,4,4679,1,2,0,35.0,1,0
471,1,1,0,3092,4,4,3,22.0,0,1
472,0,1,1,448,1,4,1,23.0,0,1
473,0,1,3,654,1,1,0,28.0,1,1
474,2,1,9,1238,0,3,0,36.0,2,0
475,1,0,0,1245,1,1,3,33.0,0,1
476,0,3,2,3114,1,4,1,26.0,0,1
477,2,1,4,2569,2,1,0,24.0,0,0
478,3,1,0,5152,1,2,0,25.0,0,0
479,1,1,5,1037,4,2,0,39.0,1,0
480,0,0,2,1478,1,0,0,44.0,0,0
481,1,0,0,3573,1,1,1,23.0,1,0
482,1,1,3,1201,1,4,0,26.0,0,0
483,0,1,2,3622,3,0,1,57.0,0,0
484,2,2,2,960,3,2,1,30.0,0,0
485,2,0,3,1163,2,1,0,44.0,0,0
486,1,2,3,1209,1,3,0,47.0,2,1
487,2,1,0,3077,1,1,0,52.0,0,0
488,2,1,3,3757,1,0,1,62.0,0,0
489,2,1,3,1418,4,1,0,35.0,1,0
490,2,1,3,3518,1,1,0,26.0,0,0
491,2,0,0,1934,1,0,0,26.0,0,0
492,1,3,5,8318,1,0,1,42.0,2,1
493,2,0,0,1237,4,1,1,27.0,0,0
494,1,1,0,368,0,0,0,38.0,0,0
495,0,0,3,2122,1,1,0,39.0,1,0
496,0,1,2,2996,0,1,3,20.0,0,1
497,1,1,2,9034,4,4,0,29.0,2,1
498,2,0,2,1585,1,2,0,40.0,0,0
499,1,1,0,1301,1,0,3,32.0,1,0
500,3,0,3,1323,4,0,2,28.0,0,0
501,0,1,3,3123,1,4,1,27.0,0,1
502,0,1,4,5493,1,0,0,42.0,0,0
503,3,1,0,1126,4,0,2,49.0,0,0
504,1,0,0,1216,4,4,0,38.0,0,1
505,0,1,3,1207,1,4,1,24.0,0,1
506,2,1,3,1309,0,1,0,27.0,1,1
507,3,0,4,2360,2,1,0,36.0,0,0
508,1,4,3,6850,4,3,0,34.0,2,1
509,2,1,0,1413,1,1,3,28.0,0,0
510,2,1,4,8588,4,0,0,45.0,2,0
511,0,1,3,759,1,2,0,26.0,0,1
512,2,1,4,4686,1,1,0,32.0,2,0
513,3,1,5,2687,1,2,0,26.0,0,0
514,1,2,0,5850000,1,1,3,20.0,0,0
515,2,1,3,2255,0,4,0,54.0,0,0
516,0,0,3,609,1,2,1,37.0,0,0
517,0,0,3,1361,1,4,0,40.0,1,0
518,2,0,2,7127,1,4,1,23.0,0,1
519,0,1,3,1203,4,0,0,43.0,0,0
520,2,0,0,700,0,0,0,36.0,0,0
521,2,0,7,5507,1,0,0,44.0,0,0
522,0,1,0,3190,1,1,1,24.0,0,1
523,0,3,2,7119,1,1,0,53.0,0,1
524,2,1,4,3488,4,2,1,23.0,0,0
525,1,1,0,1113,1,1,1,26.0,1,0
526,1,1,4,7966,1,4,0,30.0,0,0
527,2,0,1,1532,4,1,1,31.0,0,0
528,2,0,0,1503,1,2,0,42.0,1,0
529,0,1,0,2302,1,1,2,31.0,0,1
530,0,1,3,662,1,4,0,41.0,1,0
531,1,1,1,2273,1,2,0,32.0,0,0
532,1,1,3,2631,4,1,1,28.0,0,1
533,2,2,4,1503,1,1,3,41.0,0,0
534,2,1,0,1311,4,2,3,26.0,0,0
535,2,1,0,3105,0,4,0,25.0,0,0
536,3,0,1,2319,1,4,2,33.0,0,1
537,0,1,3,1374,0,3,1,75.0,2,0
538,1,0,2,3612,1,0,1,37.0,0,0
539,0,1,3,7763,1,0,0,42.0,2,1
540,3,1,2,3049,1,4,1,45.0,1,0
541,1,1,0,1534,1,4,3,23.0,0,1
542,2,2,3,2032,1,0,0,60.0,0,0
543,0,1,2,6350,0,0,0,31.0,0,1
544,3,1,2,2864,1,1,0,34.0,1,1
545,2,0,3,1255,1,0,0,61.0,1,0
546,0,2,3,1333,1,3,0,43.0,0,1
547,2,0,3,2022,1,1,1,37.0,0,0
548,2,1,0,1552,1,2,0,32.0,0,0
549,0,4,0,626,1,1,1,24.0,1,1
550,2,0,4,8858,0,2,0,35.0,0,0
551,2,0,7,996,0,2,1,23.0,0,0
552,2,4,0,1750,2,0,0,45.0,1,0
553,0,1,0,6999,1,2,3,34.0,0,1
554,1,0,3,1995,4,4,0,27.0,0,0
555,1,1,1,1199,1,2,1,67.0,2,0
556,1,1,0,1331,1,4,0,22.0,0,1
557,1,3,3,2278,4,4,1,28.0,0,1
558,2,3,3,5003,0,1,1,29.0,0,1
559,0,4,2,3552,1,2,0,27.0,0,1
560,1,0,2,19280000,1,4,0,31.0,1,1
561,0,1,4,2964,0,0,0,49.0,0,0
562,0,4,0,1546,1,2,0,24.0,1,1
563,3,2,0,683,1,4,1,29.0,0,0
564,1,1,3,12389,0,1,0,37.0,0,1
565,1,2,5,4712,0,1,0,37.0,2,0
566,1,2,0,1553,4,2,1,23.0,0,0
567,0,1,3,1372,1,2,2,36.0,0,1
568,2,0,0,2578,3,0,0,34.0,0,0
569,1,1,0,3979,0,2,0,41.0,0,0
570,0,1,0,6758,1,1,1,31.0,0,1
571,0,1,2,3234,1,4,1,23.0,1,1
572,2,0,0,5954,1,2,0,38.0,0,0
573,2,1,4,5433,0,3,1,26.0,2,0
574,0,1,5,806,1,1,1,22.0,1,0
575,1,1,0,1082,1,0,0,27.0,1,0
576,2,0,2,2788,1,2,1,24.0,0,0
577,1,1,0,2930,1,2,1,27.0,0,0
578,2,0,1,1927,0,1,1,33.0,0,0
579,1,0,3,2820,1,4,2,27.0,0,1
580,2,1,9,937,1,4,3,27.0,1,0
581,1,0,3,1056,1,0,0,30.0,0,1
582,1,0,3,3124,1,4,0,49.0,1,0
583,2,1,2,1388,1,1,1,26.0,0,0
584,1,1,7,2384,1,4,0,33.0,1,1
585,2,1,3,2133,0,0,1,52.0,2,0
586,0,1,2,2039,1,1,1,20.0,0,1
587,0,0,3,2799,1,1,0,36.0,0,0
588,0,1,2,1289,1,1,0,21.0,1,0
589,0,1,6,1217,1,1,3,47.0,1,1
590,0,0,2,2246,1,0,0,60.0,0,1
591,0,0,0,385,1,2,1,58.0,1,0
592,1,2,3,1965,0,1,1,42.0,0,0
593,2,1,5,1572,3,0,1,36.0,1,0
594,1,1,3,2718,1,1,1,20.0,1,1
595,0,4,8,13580000,0,0,0,40.0,2,1
596,1,4,3,931,4,4,1,32.0,1,1
597,0,1,3,1442,1,2,1,23.0,0,1
598,1,3,5,4241,1,1,0,36.0,1,1
599,2,0,3,2775,1,2,0,31.0,0,1
600,2,2,5,3863,1,1,0,32.0,0,0
601,1,1,0,2329,1,4,1,45.0,0,0
602,1,1,2,918,1,1,1,30.0,0,1
603,1,4,1,1837,1,2,1,34.0,1,1
604,2,1,2,3349,1,1,1,28.0,2,1
605,3,1,2,1275,1,4,1,23.0,0,0
606,0,4,2,2828,2,1,0,22.0,0,0
607,2,0,5,4526,1,1,0,74.0,2,0
608,1,1,0,2671,4,1,1,50.0,0,1
609,2,1,0,2051,1,4,0,33.0,0,0
610,2,1,4,1300,0,0,0,45.0,0,0
611,0,1,6,741,4,3,1,22.0,0,1
612,3,1,3,1240,4,0,1,48.0,1,1
613,0,1,0,3357,3,4,1,29.0,0,0
614,0,4,4,3632,1,1,1,22.0,0,0
615,2,2,2,1808,1,2,1,22.0,0,1
616,1,3,5,12204,0,1,0,48.0,2,0
617,1,2,0,9157,0,1,0,27.0,2,0
618,0,0,3,3676,1,1,0,37.0,0,0
619,1,1,2,3441,4,1,1,21.0,0,1
620,2,1,3,640,1,1,2,49.0,1,0
621,1,0,5,3652,1,2,0,27.0,0,0
622,2,0,3,1530,1,1,0,32.0,0,1
623,2,1,5,3914,0,1,2,38.0,0,1
624,0,1,2,1858,1,4,1,22.0,0,0
625,0,1,0,2600,1,1,0,65.0,0,1
626,2,1,0,1979,0,0,0,35.0,0,0
627,3,1,2,2116,1,1,0,41.0,0,0
628,1,4,3,1437,4,2,0,29.0,0,1
629,2,0,2,4042,2,1,0,36.0,0,0
630,2,1,1,3832,0,0,0,64.0,1,0
631,0,1,0,3660,1,1,1,28.0,0,0
632,0,4,2,1553,1,1,0,44.0,0,1
633,1,1,0,1444,0,4,0,23.0,0,0
634,2,1,2,1980,1,4,1,19.0,0,1
635,1,1,3,1355,1,4,1,25.0,1,1
636,2,1,1,1393,1,0,0,47.0,0,0
637,2,1,0,1376,2,2,1,28.0,0,0
638,2,2,0,15653,1,2,0,21.0,0,0
639,2,1,0,1493,1,4,1,34.0,0,0
640,0,2,0,4370,1,2,0,26.0,0,1
641,0,1,1,750,1,3,1,27.0,3,1
642,1,1,7,1308,1,0,0,38.0,1,0
643,2,1,1,4623,4,1,0,40.0,2,1
644,2,0,0,1851,1,2,3,33.0,0,0
645,0,0,0,1880,1,2,3,32.0,2,0
646,2,2,5,7980,0,4,0,27.0,0,1
647,0,3,2,4583,1,1,2,32.0,0,0
648,2,1,3,13860000,2,1,1,26.0,0,1
649,3,1,3,947,1,2,0,38.0,0,1
650,0,1,1,684,1,1,0,40.0,1,1
651,0,1,1,7476,1,2,0,50.0,2,0
652,1,1,2,1922,1,1,0,37.0,1,1
653,0,1,3,2303,1,0,0,45.0,0,1
654,1,2,3,8086,4,0,0,42.0,2,1
655,2,0,4,2346,1,2,0,35.0,0,0
656,0,1,3,3973,1,3,0,22.0,0,0
657,1,1,3,888,1,0,0,41.0,1,1
658,2,1,0,10222,0,2,0,37.0,0,0
659,1,3,5,4221,1,1,1,28.0,0,0
660,1,0,2,63610000,1,0,0,41.0,0,0
661,3,1,0,1297,1,1,3,23.0,0,0
662,0,1,3,900,0,1,3,23.0,0,1
663,2,1,2,2241,1,0,0,50.0,0,0
664,1,2,2,1050,1,3,0,35.0,2,0
665,3,0,1,1047,1,1,1,50.0,1,0
666,2,0,8,6314,1,3,0,27.0,2,0
667,1,4,2,3496,3,1,0,34.0,0,0
668,2,4,5,3609,1,1,1,27.0,0,0
669,0,0,3,4843,1,0,0,43.0,0,1
670,3,0,0,3017,1,0,0,47.0,0,0
671,2,0,5,4139,4,1,0,27.0,1,0
672,2,1,5,5742,4,2,0,31.0,0,0
673,2,1,3,10366,1,0,0,42.0,2,0
674,2,0,3,2080,2,1,3,24.0,0,0
675,2,2,5,2580,2,4,0,41.0,1,1
676,2,0,0,4530,1,2,1,26.0,2,0
677,2,0,2,5150,1,0,0,33.0,0,0
678,1,1,0,5595,4,1,3,24.0,0,1
679,0,1,0,2384,1,0,0,64.0,1,0
680,2,1,0,1453,1,4,1,26.0,0,0
681,2,1,1,1538,1,4,1,56.0,0,0
682,2,1,0,2279,0,1,0,37.0,0,0
683,2,2,0,1478,1,1,3,33.0,0,0
684,2,0,0,5103,1,4,3,47.0,0,0
685,1,2,5,9857,4,2,0,31.0,1,0
686,2,1,3,6527,0,1,0,34.0,0,0
687,3,0,0,1347,0,2,0,27.0,0,0
688,1,2,3,2862,4,0,0,30.0,0,0
689,2,1,0,2753,4,0,0,35.0,0,0
690,0,1,3,3651,3,1,0,31.0,0,0
691,0,0,2,975,1,1,2,25.0,0,0
692,1,1,7,2631,4,1,1,25.0,1,0
693,1,1,0,2896,4,4,0,29.0,0,0
694,0,0,3,4716,0,4,0,44.0,1,0
695,2,1,0,2284,1,2,0,28.0,0,0
696,2,1,4,1236,2,1,0,50.0,0,0
697,1,1,0,1103,1,2,0,29.0,0,0
698,2,0,3,926,1,3,1,38.0,3,0
699,2,0,0,1800,1,1,0,24.0,0,0
700,3,1,1,1905,1,0,0,40.0,2,0
701,2,1,2,1123,2,1,1,29.0,1,1
702,0,0,4,6331,1,0,0,46.0,0,1
703,3,1,0,1377,4,0,1,47.0,0,0
704,1,2,5,2503,4,0,0,41.0,0,0
705,1,1,5,2528,1,4,1,32.0,0,0
706,2,1,3,5324,2,0,1,35.0,0,0
707,1,1,3,6560,4,2,0,24.0,0,1
708,1,3,2,2969,1,4,1,25.0,0,1
709,1,1,0,1206,1,0,1,25.0,0,0
710,1,1,0,2118,1,1,0,37.0,1,0
711,2,0,0,629,2,0,0,32.0,2,0
712,0,4,1,1198,1,0,1,35.0,0,1
713,2,1,4,2476,0,0,0,46.0,2,0
714,0,0,0,1138,1,1,0,25.0,1,0
715,1,1,3,14027,1,2,0,27.0,2,1
716,2,0,4,7596,0,0,0,63.0,0,0
717,2,0,0,3077,0,0,0,40.0,0,0
718,2,1,0,1505,1,1,0,32.0,2,0
719,3,0,0,3148,0,1,0,31.0,0,0
720,1,3,4,6148,4,0,3,31.0,0,0
721,3,3,0,1337,1,4,0,34.0,2,1
722,1,4,1,433,3,4,1,24.0,0,1
723,0,1,3,1228,1,1,1,24.0,1,1
724,1,1,0,790,2,1,1,66.0,1,0
725,2,1,3,2570,1,1,1,21.0,0,1
726,2,0,3,250,3,1,1,41.0,1,0
727,2,0,0,1316,2,1,3,47.0,1,0
728,0,1,0,1882,1,1,1,25.0,0,1
729,1,4,5,6416,1,0,1,59.0,0,1
730,3,0,5,1275,3,1,2,36.0,0,0
731,1,2,0,6403,1,4,0,33.0,0,0
732,0,1,0,1987,1,1,0,21.0,1,1
733,1,1,0,760,1,2,1,44.0,1,0
734,2,1,4,2603,3,1,1,28.0,0,0
735,2,0,3,3380,1,2,1,37.0,0,0
736,1,4,6,3990,0,4,1,29.0,3,0
737,1,1,4,11560,1,1,1,23.0,2,1
738,0,1,3,4380,4,1,0,35.0,1,0
739,2,0,3,6761,1,2,0,45.0,2,0
740,1,3,5,4280,4,1,1,26.0,1,1
741,0,4,3,2325,4,2,0,32.0,0,0
742,1,4,0,1048,1,1,0,23.0,1,0
743,2,1,0,3160,0,0,0,41.0,0,0
744,0,4,2,2483,2,1,0,22.0,0,0
745,0,0,2,14179,0,2,0,30.0,2,0
746,0,0,5,1797,1,4,0,28.0,1,0
747,0,1,3,2511,1,3,1,23.0,0,0
748,0,1,3,1274,1,4,1,37.0,1,1
749,2,1,4,5248,0,1,0,26.0,0,0
750,2,1,4,3029,1,2,0,33.0,0,0
751,0,1,2,428,1,0,1,49.0,0,0
752,0,1,3,976,1,4,1,23.0,1,1
753,1,1,5,841,4,2,1,23.0,1,0
754,2,0,0,5771,1,2,1,25.0,0,0
755,2,2,7,1555,3,0,0,55.0,0,1
756,0,1,3,1285,0,2,1,32.0,0,1
757,3,0,3,1299,1,1,0,74.0,3,0
758,3,0,0,1271,0,1,0,39.0,0,1
759,2,1,3,1393,1,1,0,31.0,0,0
760,0,0,3,691,1,0,0,35.0,0,1
761,2,0,3,5045,0,0,1,59.0,0,0
762,0,0,2,2124,1,1,1,24.0,0,1
763,0,1,0,2214,1,1,0,24.0,1,0
764,2,0,3,12680,0,0,0,30.0,2,1
765,2,0,3,2463,4,2,3,27.0,0,0
766,1,1,0,1155,1,0,3,40.0,1,0
767,0,1,2,3108,1,4,2,31.0,1,1
768,2,1,4,2901,0,4,1,31.0,0,0
769,1,0,2,3617,1,0,0,28.0,0,0
770,2,0,0,1655,1,0,0,63.0,1,0
771,0,1,4,2812,0,0,1,26.0,0,0
772,0,0,1,8065,1,1,1,25.0,2,1
773,2,0,4,3275,1,0,0,36.0,2,0
774,2,0,0,2223,4,0,0,52.0,0,0
775,3,0,3,1480,2,3,0,66.0,3,0
776,0,1,3,1371,0,1,1,25.0,0,1
777,2,0,3,3535,1,2,0,37.0,0,0
778,0,1,0,3509,1,2,1,25.0,0,0
779,2,0,4,5711,3,0,0,38.0,2,0
780,1,1,7,3872,1,3,1,67.0,0,0
781,1,0,0,4933,1,2,0,25.0,0,1
782,2,0,3,1940,3,0,0,60.0,0,0
783,1,3,9,1410,1,1,0,31.0,1,0
784,1,1,3,836,4,4,1,23.0,1,1
785,1,1,4,6468,0,3,2,60.0,2,0
786,1,1,5,1941,3,1,0,35.0,1,0
787,2,1,0,2675,2,0,0,40.0,0,0
788,2,0,4,2751,0,0,0,38.0,0,0
789,1,2,1,6224,1,0,0,50.0,0,1
790,0,0,1,5998,1,1,0,27.0,0,1
791,1,1,5,1188,1,0,1,39.0,0,1
792,2,1,4,6313,0,0,0,41.0,2,0
793,2,0,2,1221,0,1,3,27.0,0,0
794,3,1,2,2892,1,0,2,51.0,0,0
795,2,1,2,3062,2,0,0,32.0,0,0
796,2,1,2,2301,4,4,1,22.0,0,0
797,0,1,4,7511,0,0,0,51.0,0,1
798,2,0,2,1258,1,4,1,22.0,1,0
799,2,2,3,717,0,0,3,54.0,0,0
800,1,1,3,1549,0,4,0,35.0,3,0
801,2,0,1,1597,1,0,0,54.0,0,0
802,1,0,0,1795,1,0,1,48.0,1,0
803,0,0,2,4272,1,0,1,24.0,0,0
804,2,0,0,976,0,0,0,35.0,0,0
805,1,1,3,7472,0,3,1,24.0,3,0
806,0,1,3,9271,1,2,0,24.0,0,1
807,1,1,0,590,1,4,3,26.0,1,0
808,2,0,0,930,0,0,0,65.0,0,0
809,1,4,4,9283,1,3,0,55.0,2,0
810,1,3,3,1778,1,4,1,26.0,3,1
811,1,1,5,907,1,4,3,26.0,0,0
812,1,1,0,484,1,2,3,28.0,1,0
813,0,0,4,9629,1,2,0,24.0,0,1
814,0,1,6,3051,1,1,0,54.0,0,1
815,0,1,3,3931,1,2,0,46.0,0,1
816,1,2,3,7432,1,1,1,54.0,0,0
817,2,1,6,1338,2,1,2,62.0,0,0
818,2,0,0,1554,1,2,1,24.0,0,0
819,0,1,8,15857,1,3,2,43.0,2,0
820,0,1,0,1345,1,1,3,26.0,0,1
821,2,1,3,1101,1,1,3,27.0,0,0
822,3,1,0,3016,1,1,3,24.0,0,0
823,0,1,2,2712,1,0,0,41.0,0,1
824,0,0,3,731,1,0,0,47.0,1,0
825,2,0,2,3780,1,4,2,35.0,2,0
826,0,0,3,1602,1,0,3,30.0,0,0
827,0,0,3,3966,1,0,1,33.0,0,1
828,2,3,5,4165,1,1,0,36.0,0,1
829,0,1,4,8335,0,0,0,47.0,0,1
830,1,2,5,6681,0,1,0,38.0,0,0
831,2,2,5,2375,2,1,0,44.0,0,0
832,0,1,3,1216,1,4,1,23.0,0,1
833,0,3,5,11816,1,0,0,29.0,0,1
834,1,1,0,5084,0,0,1,42.0,0,0
835,3,1,0,2327,1,4,1,25.0,1,1
836,0,3,3,1082,1,1,0,48.0,0,1
837,2,1,0,886,0,1,1,21.0,0,0
838,2,1,2,601,1,4,1,23.0,1,0
839,0,0,4,2957,1,0,0,63.0,0,0
840,2,0,0,2611,1,0,3,46.0,0,0
841,0,1,2,5179,1,2,0,29.0,0,1
842,2,2,4,2993,1,1,0,28.0,1,0
843,2,1,7,1943,1,4,1,23.0,0,1
844,2,4,5,1559,1,2,0,50.0,0,0
845,2,1,2,3422,1,0,0,47.0,0,0
846,1,1,2,3976,0,2,0,35.0,0,0
847,2,1,3,6761,0,1,0,68.0,0,1
848,2,1,3,1249,1,4,3,28.0,0,0
849,0,1,0,1364,1,2,0,59.0,0,0
850,0,1,0,709,1,0,0,57.0,1,1
851,0,0,3,2235,1,1,3,33.0,0,1
852,2,0,4,4042,0,2,0,43.0,0,0
853,2,0,0,1471,1,1,0,35.0,0,0
854,0,4,3,1442,1,2,0,32.0,1,1
855,2,2,3,10875,1,0,0,45.0,0,0
856,2,1,3,1474,4,4,3,33.0,0,0
857,2,1,9,894,0,2,1,40.0,0,0
858,2,0,2,3343,1,1,0,28.0,0,0
859,0,1,3,3959,1,1,1,29.0,0,1
860,2,1,3,3577,4,1,0,26.0,0,0
861,2,0,4,5804,3,1,0,27.0,0,0
862,2,2,5,2169,1,1,3,28.0,0,1
863,0,1,0,2439,1,4,1,35.0,0,1
864,2,0,2,4526,3,4,0,32.0,1,0
865,2,1,2,2210,1,1,0,25.0,1,1
866,2,1,2,2221,2,1,1,20.0,0,0
867,0,1,0,2389,1,4,1,27.0,0,0
868,2,0,2,3331,1,0,0,42.0,0,0
869,2,1,5,7409,0,0,0,37.0,0,0
870,0,1,2,652,1,0,1,24.0,0,0
871,2,2,2,7678,2,2,1,40.0,0,0
872,3,0,3,1343,1,0,0,46.0,0,0
873,0,0,5,1382,4,2,0,26.0,0,0
874,2,1,6,874,0,4,1,24.0,0,0
875,0,1,2,3590,1,1,0,29.0,1,0
876,1,0,3,1322,3,1,1,40.0,0,0
877,0,4,0,1940,1,4,0,36.0,2,0
878,2,1,0,3595,1,0,0,28.0,0,0
879,0,1,3,1422,1,4,0,27.0,2,1
880,2,0,0,6742,0,2,0,36.0,0,0
881,2,1,4,7814,1,2,0,38.0,2,0
882,2,1,4,9277,0,1,2,48.0,0,0
883,1,0,3,2181,0,0,0,36.0,0,0
884,2,0,0,1098,1,3,1,65.0,3,0
885,1,1,2,4057,1,2,2,43.0,0,1
886,0,1,1,795,1,4,1,53.0,0,1
887,1,0,5,2825,0,2,0,34.0,0,0
888,1,1,5,15672,1,1,0,23.0,0,1
889,2,0,3,6614,1,0,0,34.0,2,0
890,2,4,4,7824,0,4,0,40.0,0,0
891,0,0,5,2442,1,0,0,43.0,2,0
892,2,0,0,1829,1,0,0,46.0,0,0
893,0,0,3,2171,1,1,0,38.0,1,0
894,1,0,4,5800,1,1,0,34.0,0,0
895,2,0,0,1169,0,1,0,29.0,0,0
896,2,2,4,8947,0,2,0,31.0,2,0
897,0,1,0,2606,1,4,1,28.0,2,0
898,2,0,2,1592,3,2,1,35.0,0,0
899,2,1,2,2186,0,2,1,33.0,1,0
900,0,1,2,4153,1,1,0,42.0,0,1
901,0,0,3,2625,1,0,0,43.0,0,1
902,2,0,3,3485,0,4,2,44.0,0,0
903,2,0,4,10477,0,0,0,42.0,0,0
904,2,1,0,1386,0,1,3,40.0,0,0
905,2,1,0,1278,1,0,0,36.0,2,0
906,0,1,0,1107,1,1,0,20.0,2,0
907,0,1,3,3763,0,2,0,24.0,1,0
908,1,1,1,3711,0,1,3,27.0,0,0
909,2,2,4,3594,1,4,1,46.0,1,0
910,1,1,3,3195,0,1,1,33.0,1,0
911,2,2,0,4454,1,1,1,34.0,0,0
912,1,0,2,4736,1,4,1,25.0,1,1
913,1,1,0,2991,0,0,1,25.0,0,0
914,2,1,5,2142,3,0,2,28.0,0,0
915,0,4,5,3161,1,1,0,31.0,0,1
916,1,3,8,18424,1,1,1,32.0,2,1
917,2,1,4,2848,4,1,0,32.0,0,0
918,0,1,3,14896,1,0,0,68.0,2,1
919,0,1,2,2359,4,3,2,33.0,0,1
920,0,1,2,3345,1,0,0,39.0,2,1
921,2,0,2,1817,1,1,1,28.0,0,0
922,2,2,0,12749,2,2,0,37.0,2,0
923,0,1,0,1366,1,4,1,22.0,0,1
924,1,1,3,2002,1,2,0,30.0,0,0
925,0,4,2,6872,1,4,2,55.0,0,1
926,0,4,3,697,1,4,0,46.0,0,1
927,0,0,2,1049,1,4,1,21.0,0,0
928,0,1,4,10297,1,2,0,39.0,0,1
929,2,1,0,1867,0,0,0,58.0,0,0
930,0,2,3,1344,1,1,0,43.0,1,0
931,0,1,2,1747,1,4,0,24.0,1,0
932,1,1,0,1670,1,4,1,22.0,0,1
933,2,0,3,1224,1,1,0,30.0,0,0
934,2,0,0,522,2,0,0,42.0,0,0
935,0,1,0,1498,1,1,1,23.0,0,0
936,1,2,0,1919,4,4,0,30.0,2,1
937,3,1,0,745,1,1,1,28.0,1,1
938,1,1,0,2063,1,4,3,30.0,2,0
939,1,1,1,6288,1,1,0,42.0,0,1
940,2,0,4,6842,0,1,0,46.0,2,0
941,2,1,3,3527,0,4,0,45.0,2,0
942,2,1,3,1546,1,1,0,31.0,1,0
943,2,1,2,929,0,2,0,31.0,0,0
944,2,0,3,1455,1,2,0,42.0,1,0
945,0,1,2,1845,1,4,1,46.0,0,0
946,1,3,3,8358,2,4,1,30.0,0,0
947,0,4,2,3349,2,4,0,30.0,0,1
948,2,1,3,2859,0,3,0,38.0,2,0
949,2,1,2,1533,1,4,3,43.0,1,1
950,2,1,0,3621,4,0,0,31.0,0,1
951,1,0,5,3590,1,3,3,40.0,3,0
952,0,2,5,2145,1,2,0,24.0,0,1
953,1,1,4,4113,2,4,1,28.0,0,1
954,2,1,2,10974,1,3,1,26.0,2,1
955,0,1,3,1893,1,1,1,29.0,0,0
956,0,0,0,1231,3,0,1,57.0,2,0
957,3,0,0,3656,0,0,0,49.0,1,0
958,1,0,0,1154,1,0,0,37.0,1,0
959,0,1,3,4006,1,1,0,45.0,1,1
960,1,1,2,3069,4,0,0,30.0,0,0
961,2,0,0,1740,1,0,3,30.0,0,0
962,1,2,3,2353,1,1,2,47.0,0,0
963,2,1,3,3556,0,1,0,29.0,0,0
964,2,1,0,2397,2,0,0,35.0,0,1
965,1,1,7,454,1,4,3,22.0,1,0
966,1,1,0,1715,0,1,1,26.0,0,0
967,1,0,0,2520,2,1,0,23.0,1,1
968,2,1,0,3568,1,0,1,54.0,2,0
969,2,1,0,7166,0,2,3,29.0,0,0
970,0,0,3,3939,1,1,0,40.0,1,0
971,1,1,7,1514,4,1,0,22.0,0,0
972,2,1,3,7393,1,1,0,43.0,1,0
973,0,4,3,1193,1,3,1,29.0,3,1
974,0,1,5,7297,1,0,0,36.0,0,1
975,2,0,0,2831,1,1,1,33.0,0,0
976,3,1,0,1258,2,1,1,57.0,1,0
977,1,1,0,753,1,1,1,64.0,0,0
978,1,2,5,2427,0,0,0,42.0,0,0
979,2,2,3,2538,1,0,0,47.0,1,1
980,1,4,3,1264,4,1,3,25.0,0,1
981,1,0,2,8386,1,2,0,49.0,0,1
982,2,1,5,4844,1,3,0,33.0,2,1
983,3,1,3,2923,4,1,1,28.0,2,0
984,0,1,4,8229,1,1,0,26.0,0,1
985,2,0,2,2028,1,2,0,30.0,1,0
986,0,0,2,1433,1,1,1,25.0,0,0
987,3,3,5,6289,1,4,2,33.0,0,0
988,2,1,0,1409,4,3,1,64.0,0,0
989,0,1,4,6579,1,3,0,29.0,2,0
990,1,0,0,1743,1,0,0,48.0,1,0
991,2,0,1,3565,0,4,0,37.0,1,0
992,2,4,0,1569,4,0,0,34.0,1,0
993,0,1,0,1936,0,2,3,23.0,1,0
994,0,1,2,3959,1,3,0,30.0,2,0
995,2,1,3,2390,0,0,0,50.0,0,0
996,2,1,2,1736,1,2,1,31.0,1,0
997,0,1,4,3857,1,1,2,40.0,2,0
998,2,1,0,804,1,0,0,38.0,0,0
999,0,1,0,1845,1,1,0,23.0,0,1
1000,1,0,4,4576,4,3,0,27.0,0,0
